{
  "vgg16": {
    "ga": {
      "params": {
        "learning_rate": 0.0001,
        "dropout_rate": 0.3,
        "dense_units": 512,
        "optimizer": "rmsprop",
        "batch_size": 16
      },
      "val_acc": 0.9137645107794361,
      "time_sec": 430.2239089012146
    },
    "bayesian": {
      "params": {
        "learning_rate": 0.00023345864076016249,
        "dropout_rate": 0.5140703845572054,
        "dense_units": 384,
        "optimizer": "adam",
        "batch_size": 32
      },
      "val_acc": 0.8014096185737977,
      "time_sec": 412.49983286857605
    }
  }
}